stop,pagerank
Krishnarajendra Market,0.12734561872766006
Kempegowda Bus Station,0.09305769584628615
Shivajinagar Bus Station,0.04072557821684876
Banashankari Bus Station,0.005967494833379554
Kadugodi,0.005903776881907635
ITPL,0.005082610194935846
Kengeri TTMC,0.004718754731157791
BANASHANKARI TTMC,0.004534942850692851
Yelahanka,0.00449040692828279
Central Silk Board,0.004355089110132378
Electronic City Wipro Gate,0.004061166793749912
Hebbala,0.0035041263644750996
Vidyaranyapura,0.0034998896359554558
Vidhana Soudha,0.003442010110595945
Hosakote Bus Stand,0.0034241392592154634
Yeshwanthpur TTMC,0.003292593207475373
Jayanagara 9th Block,0.003267985799418145
Manyatha Embasy Business Park,0.0032657564768803528
KR Puram,0.003190978423160677
Nelamangala,0.0031846731180749
Bagmane Teck Park,0.003161683758367592
Attibele,0.002989103285644757
Adithi School,0.0029479204985506896
Peenya 2nd stage,0.0028620738138596213
Chandapura,0.002795560522976569
Yelahanka Satelite Town 5th Phase,0.0027610453790334506
Vinayakanagara Cross D-43,0.0025703081755857333
Hebbala Bridge,0.002414104095695912
Electronic City,0.0023766749123427544
MCTC Bus Stand,0.002349442630907946
Srinagara,0.002319926125733963
Kaval Byrasandra,0.002231118218907616
Jalahalli Cross,0.002224429219662304
Shanthinagar TTMC,0.0022003992966770527
Outer Ring Road Company Association,0.002111870060019986
Jayanagara Bus Stand,0.0020902329844314253
Jeevan Bhimanagara Bus stand,0.0020498534670188666
HAL Main Gate,0.002034706110555878
JFWTC,0.0019995665946379404
Koramangala,0.0019825767006788494
Marathahalli Bridge,0.001967041862581984
Yeshwanthpura TTMC,0.0019584211441302417
Kamalanagar BEML layout,0.001939713348362151
BEML Layout 5th Stage,0.0018747769894907427
BMT14,0.0018459579128599875
Depot 10,0.0018226067836583028
Chandra Layout,0.0018184905592029544
Kempegowda International Airport,0.001803040921870557
Uttarahalli,0.0017712266334697269
Bidadi,0.0017508234039829373
Vijayanagara TTMC,0.0017439586768407574
Bannerghatta National Park,0.0017340697477560708
Ramakrishna Hegde Nagara,0.0017066779311258448
Infosys,0.001685916742270595
Chowdeshwari Bus Stand JP Park,0.0016821953188653602
Depot-13-BS,0.0016814892181717838
ISRO Layout,0.001664923549762818
HAL/LCA,0.0016641720223920281
Yeshwanthpura,0.0016620139816185596
Depot 30,0.001653864975857445
Sulthan Palya,0.001653661061089553
Sarjapura Bus Stand,0.0016266832505837045
Domlur TTMC Bus Stand,0.001596212273699746
JPNagara 6th Phase,0.0015879760195083557
Vijayanagara,0.0015820695215996803
Vidyaniketan School,0.0015762822704742177
Nandhini Layout Bus Station,0.0015198089591483797
Ganjoor,0.0014960781879142357
Devanahalli,0.001487174592338899
Boopa Sandra,0.0014869225673885017
Gottigere,0.001466803120657816
Depot 11,0.001428488854399016
Basaveshwara Nagara,0.0014270715580066541
KR Market,0.0014243620515230824
Hampinagara RPC Layout,0.0014078192602434948
Chikkabanavara,0.0013905401275832994
Anekal,0.0013802983076391488
Tin Factory,0.0013634215330213075
Maratahalli Bridge,0.0013504922580539864
Depot-25,0.0013385384108378963
BTM Layout Bus Stop,0.0013347867157898958
BTM Layout,0.0013079942806366368
BEML,0.0013077724533481553
JP Nagara 3rd Phase,0.0012604613752509335
Shirke KHB Quarters,0.0012603399518693191
Hesaraghatta Village,0.0012221892540105576
Chikkallasandra Bus Stand,0.001218433819412295
CV Raman Nagara,0.0012124471993518124
Yeshwanathapura new railway station,0.0011968775075819368
Malleshwaram 18th Cross,0.0011756518708681192
Oasis School,0.0011700032861057474
Yeshawanthapura TTMC,0.0011214492267391117
Thindlu,0.0010971772350497273
Avalahalli BDA Park,0.0010861576296220948
Christel House Learning School,0.0010846068139843464
Jagajeevanram Nagara,0.0010807344192704353
Domlur,0.0010654319966979053
NRColony,0.0010645564557331777
LCA,0.0010603519002849778
Chennamma kere Achukattu,0.0010593893244453501
Kengeri Satelite Town,0.001058829708629939
St. Clare School,0.0010544982972245363
K R Puram,0.0010497436350887126
Vivekanagara,0.0010415430415209473
BAGMANE TECH PARK,0.0010341698346275786
GKW Layout,0.001015518557480117
Anjanapura,0.0009929158419465852
BMTC Depot-21,0.0009910088536261618
White Field TTMC,0.0009903195538469927
Saraswathi Nagara Vijayanagara,0.0009789014357120035
Out Door Clothing Company,0.0009615602871024048
JP Nagara 6th Phase,0.0009577976504835089
KR Puram Railway Station,0.0009573465196339561
Kengeri KSRTC Regional Workshop,0.0009412299702895053
AMD Private Limited,0.0009384868125375804
Bagaluru,0.0009377037144129928
Kodigehalli Yelahanka road,0.0009345834514657704
Banashankari 3rd Stage 2nd Phase,0.0009232446052406646
Shanthi Nagara Bus Station,0.0009196809432109687
C V Ramanagra,0.0009178208604188101
JP Nagar 6th Phase,0.0009146396778172947
Kalyananagara Bus Stand,0.0009117703323839821
Doddaballapura,0.000903704690717023
City Railway Station,0.0008988729782704802
Kaggalipura,0.0008957274829486001
Kottige Palya Magadi Road,0.0008900092735654225
Madanayakanahalli,0.0008814500418001909
Laggere,0.0008773144056355962
Vishwanatha Nagenahalli,0.0008731276336589757
Rajarajeshwarinagara Gate,0.0008704345022747857
Peenya Satellite Bus Station,0.0008695896018132929
BEL Circle,0.0008684563827443462
Jigani,0.0008678700327689996
Neelasandra Rose Garden,0.0008655328979974436
Hullala Upanagara,0.0008617009355911275
Chikkabanawara,0.0008595300550388439
Jeevanahalli,0.0008494988986260596
Cristal House School,0.0008446180334323634
Nagarabhavi BDA Complex,0.0008420435420469305
HAL-LCA,0.000839827814150438
Mahalakshmi Layout,0.0008336494841314235
Summanahalli Magadi Road,0.0008300408619379665
Huskur,0.0008289080478846749
Nandini Layout,0.0008238893353103749
BM English School Bellahalli,0.0008235451600908174
Devanagundi,0.0008225532337445369
Kala Mandir Marathalli,0.0008075143051478147
Rajanukunte,0.0007957062744592147
Kurubarahalli,0.0007907680134097811
Depot 26,0.0007906541938654489
Electronic City 2nd Phase,0.0007900039116958187
Yelahanaka NES Office,0.0007825406010188719
Hosakerahalli village,0.0007789698396938188
Byrasandra,0.0007775932993487169
BMT-23,0.0007723397930468074
Gunjoor,0.0007699488714163569
Harohalli,0.0007671050787401566
Yelahanka Old Town,0.0007668536561230074
Wonderla Amusement Park,0.0007660433240452301
Yelenahalli,0.0007586372009648401
Byadarahalli,0.0007581788178160759
Karnataka Housing Complex,0.0007577091209907029
Yelahanka Satelite Town,0.0007545491300785996
Kothnuru Kanakapura Road,0.0007532778102754073
Sindhi High School,0.00075263942311102
Jambusavari dinne,0.0007459602212758964
AGS Layout,0.000744515098514921
JFWTC-ITPL,0.0007442457663776218
KHB Colony,0.0007413120456232267
Vasanthapura,0.0007387376296254742
Annapoorneshwari Nagara,0.000738427498333323
Doddabasthi,0.0007382353958925693
Sophiya High School,0.0007363690246616311
Bande Maramma Bus Station,0.0007340849061528096
Cauvery Bhavana,0.0007331665691317461
Tavare Kere Magadi Road,0.000731431533207494
Ejipura,0.0007239525528650225
DRDO 2ND Phase,0.0007190722288081957
Puttenahalli Yelhanka,0.0007176080906539511
Deepanjalinagara Depot-16,0.0007173658712686589
BOSCH,0.0007151183944736593
ORRCA-ECOSPICE,0.0007135992279944468
Bagaluru Cross,0.000709369024636272
Anekal Bus Stand,0.0007083748324818165
Kambipura,0.000707313535511939
HMT Watch Factory,0.0007014793415234874
Old Bayappanahalli,0.0006986561300567625
YPR RMC,0.0006969250854884606
Basavanagara,0.0006952779465713931
Muthyalaya Nagar,0.0006933063413260691
Jaggath Pharma,0.0006910632816240401
Globale Academy Bangarappa Nagara,0.0006905725985432847
Brudavana Nagara Jinke vana,0.0006877238345490003
Nagadevanahalli Kengeri,0.0006846432606643291
Kittanahalli,0.0006793904187214186
Chikka Tirupathi,0.0006774213006287681
Yelahanka Satellite Town,0.0006768143988842185
BCC Layout,0.000674053920144247
Jakkur Layout,0.0006726748134899093
Neela sandra,0.0006707539151892769
Shankararnag Bus Stop,0.0006690325408104074
Padmanabha Nagara,0.0006680724838666642
Devarachikkanahalli,0.000654984325216452
Depot 14,0.0006544746057686475
Ganga Nagara,0.0006443474982356377
Naduvatti,0.0006442913099414312
Yeshwanthpura Railway Station,0.0006441829715017485
Bangarappa Nagara,0.0006431369951983
Jaibheemanagara,0.0006400582522560699
MS Palya,0.0006388370592539366
BTM Layout South,0.000634492863730207
Beguru,0.000634492863730207
Mangammana Palya,0.0006285961848191362
Depot-25-BS,0.000624513823969063
Jayanagara 4th Block,0.0006238126804930028
Depot 9,0.0006227782899272296
Arishinakunte,0.0006190738451208435
Jigani APC Circle,0.0006165127369659877
MEI Layout,0.0006142952611337749
Girinagara Extention,0.000612671526556955
Dodda Kannalli,0.0006119301774238075
Brigade Road,0.0006057892767184145
Kumaraswamy Layout,0.000605505197933731
Goragunte Palya,0.0006050051387989291
Dasanapura,0.0005987954899433202
KM SCHOOL,0.0005982067611960867
Bidadi Bus Stand,0.0005940945516011598
Halasur,0.0005904466856797637
BMTC Depot-17,0.00058684008393016
Bharathnagar 2nd Stage,0.0005850531019089728
Madiwala MARKET,0.000582696684660187
White Field,0.0005813953488372093
John FW Tech Centre,0.0005813953488372093
Khaji Hosahalli,0.0005813953488372093
Depot-37,0.0005813953488372093
Depot 3,0.0005813953488372093
Hanumantha Nagara Ward Office,0.0005813953488372093
Sulibele Hoskote,0.0005813953488372093
Frazer Town,0.0005813953488372093
Jagath Pharma,0.0005813953488372093
Krishna Garden BHEL Layout,0.0005813953488372093
Bangalore University Gate Mysore Road,0.0005813953488372093
Krishna Rao Park,0.0005813953488372093
Kalyana Nagara,0.0005813953488372093
Ramamurthinagar Police Station,0.0005813953488372093
HAL Main gate,0.0005813953488372093
Isolation Hospital,0.0005813953488372093
NAGAVARA JUNCTION,0.0005813953488372093
BHEL Gate,0.0005813953488372093
Depot 24,0.0005813953488372093
Byatarayana Pura,0.0005813953488372093
Chowdeshwari Bus Stop,0.0005756087802542508
BEL FACTORY,0.0005733870634284935
Indian Express,0.0005732872766084308
Bhuvaneshwari Nagara,0.0005732482439101364
GKVK,0.0005727542303214893
Gundanjaneya Swamy Temple,0.0005726055707752857
Geddala Halli,0.0005713390966245148
MATTHAHALLI,0.0005705319987906008
ISRO Quarters,0.0005689160941872825
Vinayaka Nagara,0.0005595780938435186
HBR Layout Ist Stage,0.0005579454354151577
Thippuru,0.0005575442618900166
AECS Layout,0.0005575442618900166
Arekere MICO Layout,0.0005560463641679964
Kammasandra,0.0005550531445832313
DEPOT-25 HSR Layout,0.0005546848577709762
Nagavara,0.0005534328734986501
Malleshwaram Bus Station,0.0005520331231600101
Marappa Garden,0.0005491537944426709
Manorayana Palya,0.0005487425933426732
Thambuchetty Palya,0.0005478569053138197
Govinda Pura,0.0005477800093153783
Munnekolalu,0.0005461780136480472
Aluru,0.0005440008883720919
Nerige,0.0005434493345148402
Jai Bhuvaneshwari Nagara,0.000543294419683865
Basvanagara Bus Station,0.000543294419683865
Rampura,0.000542575634864177
Shanthi Layout,0.000542575634864177
Jalahalli Village,0.0005420760767274575
Machohalli,0.0005415130038546872
Muthsandra,0.0005412098418487146
Thammenahalli,0.000540814027975648
CPWD Quarters,0.000539255303110356
Narasipura,0.0005387220255217454
Channasandra,0.000537682586990917
BMTC Depot-12 Gate Kengeri,0.0005355388162886218
Depot-32,0.0005353560738143415
TATA ELEXI LIMITED,0.0005347905428242659
Baiyappanahalli Satellite Bus Station,0.000534350253706478
Bhuvaneshwari Nagara Mahalakshmi Temple,0.0005339566158465562
IAF,0.0005333098613245764
White Field Post Office,0.0005315116549669865
Arekere lakshmi Layout,0.0005315116549669865
Amarajyothi Badavane,0.0005307450762730638
Vaderahalli,0.000530728863310389
Sarjapura,0.0005306429221925003
Kumarans School Mallasandra,0.0005303819318757223
Kamalanagara BEML Layout,0.0005294487349376863
Mind Tree,0.000528797221443364
Chikkanahalli,0.0005286187284353466
Padmanabha Nagara Rock,0.0005278495832492826
DEPOT-28,0.0005267648003349653
Jalavayu Vihara,0.0005265153817486802
Mallesh Palya New Bus Stand,0.0005261077470016042
HSR BDA COMPLEX,0.0005254841091179176
Yelahanka Satelite Town 4th Phase,0.000522648923558705
St John Hospital,0.0005216110198236674
YELAHANKA,0.0005206345188124228
Nagarabhavi 2nd Phase 11th Block,0.0005205648332984815
Dayananda Sagar College,0.000520258201486818
Hennur Cross,0.0005191333110060411
Kengeri Police Station,0.0005173658094433881
Jn of Marathalli Bridge,0.0005133338853910086
Vishwapriya Layout,0.0005119333489175338
Karnataka High Court,0.0005086269805746493
RTNagara,0.0005072414071883296
Kenchanapura Cross,0.0005071656857876191
Mathikere,0.0005071253110337949
Avalahalli Nandi Garden,0.0005070208367476028
BEL Office,0.0005061023142608418
Kasthurinagara,0.0005052070879854624
Kempegowda Swimming Pool,0.0005052070879854624
Magadi Road TollGate,0.0005014681412618746
Nagarabhavi Circle,0.0005006568292865276
Jaraganahalli House Building Co-Op-Society Layout,0.0005001049809103068
Maratahalli,0.0004980753400337274
Dommasandra,0.0004942968006128683
Mukkodlu,0.0004942968006128683
Vidyanikethan Public School,0.0004935354486342357
Neelasandra,0.0004923454896307672
MTR,0.000489776796846832
Madiwala,0.0004841715257510095
BMTC Depot-6,0.00048199231946282706
Whitefield TTMC,0.0004816208728668968
NITTE Institute of Technology,0.00047720963634439344
Devasandra Chikkamaranahalli,0.0004757352422508625
St.John`s Wood Apartment,0.00047549521096065957
Gun Troops Officer Colony,0.0004750667831986518
Guruvanahalli,0.00047210642632349075
HUNASOORU,0.00047208783659530274
Bettana Palya,0.0004680353107351892
Hope Form,0.0004679223784462603
Marenahalli,0.00046624400452805034
KADUJAKKASANDRA,0.00046624400452805034
Bannerughatta Circle,0.00046624400452805034
Depot 22,0.000465573682149349
Yeshwanthapura New Railway Station,0.00046391377221079774
Bellandur Coffee Day,0.00046023629545928696
Jai Bharath Nagara,0.0004566156149992649
Handenahalli,0.00045576662098720916
Golden Enclave,0.0004549871968757372
Kempapura,0.00045439224516110265
JPNagar B K Circle,0.0004543568237775237
Shikaripalya,0.0004531637792297295
BHEL Concrode Layout,0.0004527452300290251
Nanjapura,0.00045021238070257305
Nisarga Badavane,0.00044999453291838585
Kothnuru Bagalur Road,0.0004497840065396324
Kodigehalli gate,0.0004497840065396324
Mylanahalli,0.00044931547081711494
Gejjagadahalli,0.00044931547081711494
Mallara Banavadi,0.00044931547081711494
Hoysala Circle Kengeri Satellite Town,0.00044925267999326236
GPO,0.00044811660932982567
Kempaiahanapalya,0.0004462080541758009
Kada Agrahara,0.0004456762067986499
Marasandra Bagalur,0.0004456762067986499
Atturu,0.0004456762067986499
Kallukunte Agrahara,0.0004456762067986499
Kadirenahalli Park,0.0004456762067986499
Muthkuru,0.0004456762067986499
Kadugodi Bapuji circle,0.0004456762067986499
Budigere,0.0004456762067986499
Kudlu,0.0004456762067986499
Somasundarapalya,0.0004456762067986499
Haralur,0.0004456762067986499
Banaswadi,0.0004456762067986499
Gollahalli,0.0004456762067986499
JP Nagara 1st Phase,0.0004456762067986499
H Tippunagar,0.0004456762067986499
NAGAGONDANAHALLI,0.0004456762067986499
Doddanekkundi,0.0004456762067986499
Upkar Residency Layout,0.0004456762067986499
Nayanappa Shettipalya,0.0004456762067986499
Srinivagilu,0.0004456762067986499
Nagaresha Nagenahalli Dinne,0.0004456762067986499
Ganakkal,0.0004456762067986499
Veerannapalya,0.0004456762067986499
Lal Bahadur Shastri Nagara,0.0004456762067986499
BHEL Layout Maramma Temple,0.0004456762067986499
Kenchanapura,0.0004456762067986499
Ramachandrpura,0.0004456762067986499
Vaddarahalli BMTC Training Centre,0.0004456762067986499
Vidhanasoudha Layout,0.0004456762067986499
Shanthinikethana Layout,0.0004456762067986499
Thigalara Palya,0.0004456762067986499
Kumaraswamy Layout 2nd Stage,0.0004456762067986499
Vigneshwara Nagara,0.0004456762067986499
KRS Gowda Layout,0.0004456762067986499
Anagalipura,0.0004456762067986499
Dodda Gubbi,0.0004456762067986499
Kamakya Talkies,0.00044534710466116994
ITI Circle,0.00044512435418980116
Nallur,0.0004441712339880695
Hoskote,0.0004440847981764288
BM English School Ulsoor,0.00044406170232486725
RR Kalyanamantapa Okalipuram,0.00044353517632158787
Manganahalli,0.00044084934272259335
Judicial Layout,0.00044016000077722614
Yelahanka 5th Phase,0.00043992958121116517
JC Nagara,0.00043904235023509174
Muthkur Hesaraghatta,0.0004386632863374822
Sophiya School,0.00043840607182586895
Depot 34,0.00043834060249127666
Meenakshi Layout,0.0004381962877077543
Nosenoor,0.0004381962877077543
Razak Palya,0.0004378370126604664
Tavare Kere,0.0004378112158316856
Kudhurgere Madhanayakanahalli,0.0004378112158316856
Agara,0.0004378112158316856
Boganahalli,0.0004377116607487239
Whispering Meawn,0.00043767602563175433
Minaz Nagara,0.00043756587252617273
BNagasandra,0.00043683796109806054
Varthuru,0.00043683796109806054
Marasandra,0.00043683796109806054
Rajarajeshwari Temple,0.0004364245114651434
Chikkakammanahalli,0.00043633840296134114
Bellikere,0.0004360339383736717
Gonipura,0.0004356558356507083
KNarayanapura,0.00043507635420953167
Mahadeshwara Layout,0.00043503500655832415
Adarsha Nagara,0.00043493857471669725
Indian Design Pvt Ltd,0.00043493857471669725
Head Start School,0.00043493857471669725
Depot-13 BS,0.0004345892396510931
Parappana Agrahara,0.0004322188585065389
Beereshwaralayout,0.00043176819777933817
Depot 33,0.0004317478454226554
Infosys Parking Lot,0.0004310886770346494
Kadirenahalli Village,0.00043031196772493486
Vijayapura,0.00042997985669529417
Sonnenahalli Bridge,0.00042814335713285494
HSR BDA Complex,0.00042749952825472915
Naduvatti Colony,0.00042705947626909115
Bandi Reddy Circle,0.00042667270370646984
Mallathahalli,0.0004253948580345458
Shampura,0.00042532814739349464
HDFC BANK,0.000425208510728822
Pillanna Garden,0.00042344214922816563
Sri Ayyapa Educational Center,0.00042293973240846905
Tattaguppe,0.0004215666740269063
Sunkadakatte,0.00042145558766342925
Rajkumar Samadhi,0.0004198519553038681
Venkatagirikote,0.00041947359224184786
Thara Hunise,0.00041866617750175813
Head Start School Gate,0.00041823775927230964
JHBCS Cross,0.0004180953502614423
Manyatha Tech Park,0.0004166461213294681
Banasawadi Fire Statiion,0.00041633907214846597
BMTC Depot-03,0.0004153915681692984
Vidyapeeta Circle,0.00041480595934427066
Mahadeshwara Nagara 16th Main,0.0004143297118144459
CAP GEMINI,0.00041420143108703445
Babusab Palya,0.000413309569620349
Begur,0.0004117795698437626
Poornapragna Layout,0.00041148272262083894
Bande Kodigehalli,0.0004102499608885276
Neo Town,0.0004097278742821351
Vaidehi Hospital,0.0004096941828050075
Sadhashivanagar,0.00040862342995129483
Sarakki Signal B S,0.0004078801905487864
Gollarahatti,0.0004074310522035971
HBR Layout 5th Block,0.0004071099620536372
Global Village,0.0004070259911763476
Rajaji Nagara Entrance,0.00040695504722266184
Abbigere Village,0.00040672318949101576
Patelappa Layout,0.0004062720241816934
Kittaganur,0.00040623626240297384
St John Wood Apartments,0.00040619567515141734
Nagashettyhalli,0.0004061465022012385
Rajarajeshwarinagara BEML Layout,0.00040492797547504744
Srinagar,0.00040411596152353823
K NarayanaPura Cross,0.0004039950457977998
Kengeri Housing Board Quarters,0.0004032838940410527
KR Circle,0.0004028140916298024
BMTC Depot-13,0.0004025042016765829
Elita Promenade Aparatment,0.00040054698316087443
Kodegehalli Sigehalli Bus Stand,0.00039984834612807223
Nrupatunga Nagar,0.00039943307179332057
Ambedkar College Circle,0.0003992031916153937
Chandra Layout 1st Stage,0.00039869484070297187
Wipro gate,0.0003974821765437112
Dr Ambedkar Institute Of Technology,0.0003972165635520859
Summanahalli,0.0003967897410671309
K R Road,0.0003967227078219473
RBI Layout,0.00039661780851583007
JP Nagar 7th Phase Brigade Gardenia,0.0003964805855356699
St John High School,0.00039603528757757003
Ardendale Gate Kannamangala,0.00039548306751290474
Shivanapura,0.000395331877295938
JC Nagara Police Station,0.00039368238879370027
Jigani APC Cricle,0.0003933832916405139
Syndicate bank Colony Andrahalli,0.00039202152880803414
Veerabhadranagar,0.0003918682020121677
Depot 6,0.00039026410012406526
Navarang Talkies,0.00039019760012994726
Koramangala TTMC,0.00038976730574736076
Bommanahalli,0.00038906475809470805
Arybhata ISRO Head Office,0.00038838333917316466
Pottery Town,0.00038792454801832787
Ramakrishna Ashrama,0.0003869411429355783
Isro Layout,0.0003840382726975689
Hope Farm,0.00038218757750673913
KSIT COLLEGE,0.00037998648805140334
Girinagara 2ND Stage,0.0003795890379061596
Depot-33,0.00037931651411039725
NARASAPURA,0.0003783004408676766
Thoredoddi,0.0003783004408676766
Dinnur Puspanjali Talkies,0.00037829288740212847
Sambram College MS Palya,0.00037829288740212847
Hebbal,0.00037513543831492913
Talaghattapura Police Station,0.0003747810639015566
Janapriya Greenwood Apartments,0.0003718868477240821
Jn of Hosur Road,0.0003717600135292415
M+ACER,0.0003677791762137756
Depot 40,0.0003677276157705926
BTMAXA Software Company,0.0003649501391719786
Samanduru,0.0003641995733630653
Govt First Grade College Bidadi,0.0003641995733630653
Sidihosakote,0.0003634156320096658
Yeshwanthpura Market,0.0003634156320096658
Bilejaji B.S.,0.00036000695677821607
Jayadeva Hospital,0.0003570892257974181
Yellu Kunte,0.00035393765825152156
Mallasandra Bagalagunte,0.00035393765825152156
Valley School,0.0003499019799458387
Sheshagiri Halli Mysore Road,0.00034884663103887056
Doddakannalli,0.00034832887233858035
Lokesh Tent Circle,0.00034628857460867687
Srirampura,0.00034537698680269706
Telecom Layout,0.00034398296178002937
Chinnaiahna Palya,0.0003438136107661487
National Games Village Frint Gate,0.000343030153145638
Bangalore Club Gate,0.000343030153145638
Walker Land Long Fora Road,0.000343030153145638
Bagalagunte Village,0.0003399385330325336
Thirumalapura,0.0003399385330325336
Devagere,0.0003399385330325336
Gangondanahalli,0.0003399385330325336
Cauvery Nagar,0.0003399385330325336
Huskur Village,0.0003399385330325336
Bilwarada Halli,0.0003399385330325336
Giddenahalli,0.0003399385330325336
Avaragere,0.0003399385330325336
Bileshivale,0.0003399385330325336
Sheshadri Nagara,0.0003399385330325336
Chimani Hills,0.0003399385330325336
Somashettihalli,0.0003399385330325336
Thammanayakanahalli,0.0003399385330325336
Alada Mara Ramamurthy Nagar,0.0003399385330325336
Bettenahalli,0.0003399385330325336
Singahalli,0.0003399385330325336
Bisanahalli,0.0003399385330325336
Iskcon Temple,0.0003399385330325336
Byramangala,0.0003399385330325336
Yelachaguppe,0.0003399385330325336
Medarahalli Railway Gate,0.0003399385330325336
Seegehalli,0.0003399385330325336
Horamabu petrol bunk,0.0003399385330325336
Madhugirihalli,0.0003399385330325336
Kannamangala,0.0003399385330325336
Basaveshwara Nagara 3rd Stage,0.0003399385330325336
Nayandahalli Railway Gate,0.0003399385330325336
Thippenahalli,0.0003399385330325336
Sulikere,0.0003399385330325336
Avarehalli,0.0003399385330325336
Dodda Kuntanahalli,0.0003399385330325336
Thippagondanahalli Quarters,0.0003399385330325336
Arehalli,0.0003399385330325336
Jakkur,0.0003399385330325336
Somanahalli,0.0003399385330325336
Government Soap Factory,0.0003399385330325336
Dyavasandra,0.0003399385330325336
Thyamagondlu,0.0003399385330325336
Dattatraya Nagara Temple,0.0003399385330325336
Panchsheela Nagara,0.0003399385330325336
Thunga Nagara,0.0003399385330325336
Kuguru,0.0003399385330325336
Thirupalya,0.0003399385330325336
Kachohalli,0.0003399385330325336
Vaddarapalya,0.0003399385330325336
Lingadeeranahalli,0.0003399385330325336
Esuvanahalli,0.0003399385330325336
Banashankari 3rd Stage 3rd Phase,0.0003399385330325336
Bittasandra,0.0003399385330325336
Sompura,0.0003399385330325336
Totagere,0.0003399385330325336
Ujappana Doddi,0.0003399385330325336
Kadabagere,0.0003399385330325336
Chikkabegur,0.0003399385330325336
Karnataka Slum Development Board,0.0003399385330325336
Bommashetta Halli,0.0003399385330325336
Lotte Gollahalli,0.0003399385330325336
Chandranagara,0.0003399385330325336
Madapatna,0.0003399385330325336
Ravindra Nagara,0.0003399385330325336
Gowdahalli,0.0003399385330325336
Doddabele,0.0003399385330325336
Maduranagar,0.0003399385330325336
Gonighattapura,0.0003399385330325336
Kallur,0.0003399385330325336
Poojena agrahara,0.0003399385330325336
V Kallahalli Sarjapura Road,0.0003399385330325336
Byappana Halli Satallite Bus Station,0.0003399385330325336
Thimmappana Palya,0.0003399385330325336
Hampapura,0.0003399385330325336
Kaji Hosahalli,0.0003399385330325336
Beemanakuppe,0.0003399385330325336
Sai Baba Hospital,0.0003399385330325336
Shettihalli,0.0003399385330325336
SRIRAMPURA,0.0003399385330325336
Kariyana Palya,0.0003399385330325336
Narayana Ghatta,0.0003399385330325336
Adigondana Halli,0.0003399385330325336
Hulimavu,0.0003399385330325336
Hunnigere,0.0003399385330325336
Kommagatta,0.0003399385330325336
Tavarekere Magadi Road,0.0003399385330325336
Bellandru,0.0003399385330325336
Hosa Palya,0.0003399385330325336
Subhash Nagara,0.0003399385330325336
Vajrakatte Palya,0.0003399385330325336
Kuduragere Betta Halasuru,0.0003399385330325336
Karubele,0.0003399385330325336
Kengeri Bandemata Badavane,0.0003399385330325336
Channa Nayakanapalya,0.0003399385330325336
Tattanur,0.0003399385330325336
Hennagara,0.0003399385330325336
Nettigere,0.0003399385330325336
Allalasandra,0.0003399385330325336
DODDANAGAMANGALA,0.0003399385330325336
DODDA THOGOOR,0.0003399385330325336
Tindlu,0.0003399385330325336
Vaghata,0.0003399385330325336
Makanahalli,0.0003399385330325336
BSF,0.0003399385330325336
Laxmidevi Nagar,0.0003399385330325336
CK Palya,0.0003399385330325336
Vaderamanchanahalli,0.0003399385330325336
Kalkere,0.0003399385330325336
Bangalore University ADM Block,0.0003399385330325336
Haro Kyatanahalli,0.0003399385330325336
Mantanakurchi,0.0003399385330325336
Ravogodlu,0.0003399385330325336
Mutturayanaswamy Doddi,0.0003399385330325336
Chimmasandra,0.0003399385330325336
Anchipura Colony,0.0003399385330325336
Dodderi Grama,0.0003399385330325336
Kodi Chikkanahalli,0.0003399385330325336
Bettadasanapura,0.0003399385330325336
Amruth Nagara,0.0003399385330325336
Yale Kodigehalli,0.0003399385330325336
Madappanahalli,0.0003393767627414601
Chokkasandra,0.0003393767627414601
Narayankere,0.0003393767627414601
Huskur Gate,0.0003392196676892123
Ambedkar College,0.0003390914091927988
Janapriya Apartments,0.00033869424492820885
Geleyara Balaga Bus Stand,0.00033782538547454143
Kumbalgodu,0.0003371397115819641
Patalamma Temple Uthrahalli,0.0003367335869086475
Kailasipalyam,0.00033672989283544026
Aero Space HAL,0.00033655748029933884
Allalasandra Gate Yalahanka,0.0003354779028534049
Kannuru,0.00033409163278803346
Bommawara,0.0003340185708653236
Hulimangala,0.000333822522456824
Koyira Devana Halli Road,0.00033158584178362796
Maruthi Nagara Kannur Road,0.00033125772240711097
Meesaganahalli,0.00033125772240711097
Kaval Byrasandra Bus Stand,0.0003308740392082139
Nagarabhavi Sports Club,0.0003303603036954605
MEI Colony,0.0003303603036954605
Shirke Bus Stand,0.0003303603036954605
Halasuru Laxmipura Road,0.0003303603036954605
St Vincent School,0.0003301238123453277
Girigowdana Doddi,0.00032981819593005187
TAYAPPANA DODDI,0.00032981819593005187
Andrahalli,0.00032955725293763564
Mailanahalli Bagalur,0.0003292863485529009
Agrahara Layout,0.0003292863485529009
Yarappana Bande,0.0003292863485529009
Shettty Halli,0.0003292863485529009
Ayyappa Nagara,0.0003292863485529009
Maragondanahalli,0.0003292863485529009
Dasarahalli,0.0003292863485529009
Kattiganahalli,0.0003292863485529009
RAILWAY GATE SHAMPURA,0.0003292863485529009
Ambedkar Medical College Shampura,0.0003292863485529009
Kanasawadi Madhure Temple,0.0003292863485529009
Hesaraghatta Indo Danish Farm,0.0003292863485529009
Koturu,0.0003292863485529009
A Narayanapura,0.0003292863485529009
Horamavu Agara,0.0003292863485529009
Ashwath Nagara,0.0003292863485529009
Chalekere,0.0003292863485529009
CGHS Nagavar Palya,0.0003292863485529009
Rachenahalli,0.0003292863485529009
Venkateshwara Nagara,0.0003292863485529009
Thanisandra,0.0003292863485529009
Devarabisanahalli,0.0003292863485529009
Vibhuthipura Samudaya Bhavana,0.0003292863485529009
BChannasandra,0.0003292863485529009
Karim Sab Layout,0.0003292863485529009
Koothaganahalli,0.0003292863485529009
Bidaluru,0.000328880148456053
Nagarabhavi Maruthinagara,0.0003273067556785568
Ramasandra,0.0003267625707193818
Hoovinayakanahalli,0.0003267625707193818
Haniyur,0.0003267625707193818
Byala Halli,0.0003267625707193818
Vinayaka Nagara Telecome Layout,0.0003256418830003513
Magadi Road 2nd Cross,0.0003256084159232741
Subramanyanagara,0.0003251310646958569
Papareddy Palya Bus Stand,0.00032510172965702025
Sampigehalli,0.00032465648554635105
8th Mile,0.00032453816808616286
HP Software Mahadevapura,0.00032452387148915884
Mathahalli,0.00032396580993563273
CMH Road,0.0003238207807160568
Richmond Road Tower,0.00032308063893018405
Casappa Cola Residency Road,0.00032308063893018405
Malleshwaram 8th Main,0.00032308063893018405
Basavanagara Bus Stand,0.00032211077071029085
Thurahalli,0.00032211077071029085
Leggere,0.00032199712092956907
Summanahalli Depot-31,0.00032181221037221464
Sidedahalli,0.00032164044999253097
Atturu Layout Yelahanka Road,0.00032163196590225576
Gullahatti Kaval,0.00032142135758593657
DRDO TOWNSHIP BUS STAND,0.00032124920895057165
Bramha Devara Gudda,0.00032116688767199955
Jambu Savari Dinne,0.00032116362923082875
Goravanahalli,0.00032093502994035353
Canara Bank Cunningham Road,0.00032006599200703605
Mind Tree Global Villiage,0.00032006529375542414
Manchanabele,0.0003199485447155922
Vidyaranyapura 6th Block,0.0003196800400501746
Heritage Apartment,0.0003196800400501746
Valepura,0.00031942724852600615
KHB Colony Basaveshwaranagara,0.0003193852350672314
Kakolu,0.0003186864959637826
Uraganadoddi Bannerughatta Area,0.0003186451483125751
HP Petrol Bunk Coles Road,0.0003172337386856839
Sadasdashiva Nagar Indian Bank,0.0003172337386856839
Dinnura,0.000316920491261199
Avalahalli BDA Layout,0.00031582900026079
Gangenahalli,0.0003157482459084101
Neeladri Nagara,0.00031547693840447844
Girinagara Circle,0.0003149067810549823
Singanayakanahalli,0.00031444954517738746
Government Sub-Urban Press,0.00031387300824136993
Shanthipura,0.00031387300824136993
Kambalipura,0.00031387300824136993
Adakimaranahalli,0.0003129760983559118
Aluru Palya,0.0003129760983559118
Tore Hosahalli,0.0003129760983559118
Purushanahalli,0.0003129760983559118
Chitrapura Mutt Malleshwaram,0.00031165299342387576
BOSCH- Bommamahalli,0.00031136551368113807
Lakshmipura MS Palya,0.000311308208191657
Pillahalli colony,0.000311308208191657
Silk Board Attibele Road,0.0003112078254331671
Rajarajeshwarinagar Swargarani School,0.00031021679896438953
Mother Dairy,0.0003100208654673043
Chamundi Nagara,0.0003097589424273945
Papareddy Palya,0.0003093368343374468
Madeshwara Nagara,0.0003093368343374468
Koramangala 8th Block,0.0003093368343374468
GANDHIPURA,0.0003093368343374468
Indira Nursing Home Tyagarajanagar,0.0003093368343374468
Vijaya Bank Layout,0.0003093368343374468
Umara Bhagh Layout,0.0003093368343374468
Kumaraswamy Layout West,0.0003093368343374468
Dasanayakanahalli,0.0003093368343374468
Kamalanagar Bus Stop,0.0003093368343374468
Parangipalya,0.0003093368343374468
Yarappanahalli,0.0003093368343374468
Tata Nagara,0.0003093368343374468
Sadaramangala,0.0003093368343374468
BDS Nagara,0.0003093368343374468
Virabhadranagara Cross,0.0003093368343374468
Muneshwara Block,0.0003093368343374468
Geleyara Balaga AGB Layout,0.0003093368343374468
Timber Yard Layout,0.0003093368343374468
Eliyas Nagar,0.0003093368343374468
Singapura,0.0003093368343374468
Doddabidarakallu,0.0003093368343374468
Bandenallasandra,0.0003093368343374468
Vishweshwaraiah Enclave,0.0003093368343374468
Medi Mallasandra,0.0003093368343374468
Muneshwara nagara Kerekodi,0.0003093368343374468
Laggere Arch,0.0003093368343374468
Vivekanada Nagara,0.0003093368343374468
Lourdhubhai Kalyana mantapa,0.0003093368343374468
Jyothi Nagara,0.0003093368343374468
Krishnappa Layout,0.0003093368343374468
Sigehalli,0.0003093368343374468
Janapriya Town Ship,0.0003093368343374468
Kendriya Vihara Yelahanka,0.0003093368343374468
Bapuji Layout,0.0003093368343374468
Lingarajapuram KHB Colony,0.0003093368343374468
Central Jail,0.0003093368343374468
Mohan Kumar Nagara,0.0003093368343374468
Mini TajMahal,0.0003093368343374468
Karekall kunigal Road,0.00030906572270584517
Avalahalli New BDA Layout,0.0003089633835913902
Thotada Guddadahalli,0.0003075718958542327
BHEL Layout,0.0003068130565039278
Coffee Board Layout,0.0003066655471153539
Sri Vidyanagara,0.0003041009674207278
Agara Junction,0.0003031009072356327
HSRKEB,0.0003027787104663142
Ghanigara Halli,0.0003014718433704826
NGEF,0.00030140354155347784
GKVK Library,0.0003013303081327351
Bhavani Nagara 2nd Stage,0.00030121737345654553
Kuvempu Nagara 2nd Stage,0.00030098551572489945
HSR Layout 2nd Sector,0.00030098551572489945
Ganganagara,0.00030078653371469493
Srinivasapura,0.00030008513900394037
Tata Elxsi BrigadeTeck Park,0.0002998318544494164
Chikkalasandra Ramanjaneya Layout,0.00029947578466542443
Sharada Nagara,0.0002994359576273678
Kuvempunagar,0.00029936689859904404
HMT Auditorium,0.00029927678854311883
Thalaghattapura Bus Stop,0.0002986956340971211
Nayandahalli Junction,0.0002977182183406797
Raghavendra Colony TR Mill,0.00029753784747591253
Sonnenahalli,0.00029616087202429507
MATHA AMRUTHAMAYI COLLEGE,0.0002960133626357211
Bommasandra,0.00029527820134145154
T John College Campus,0.0002951668446560564
Esteem Mall,0.00029420362814065585
Hoodi,0.00029406607831313365
Bharath House building Co-operative Society layout,0.0002938601026427785
New Devanahalli,0.000293658607718281
Nagarabhavi 1st Stage 3rd Block,0.00029294409025765053
DAYANANDA SAGAR COLLEGE,0.00029277214015318393
KAVERI NAGARA,0.0002907551470019452
India Garrage Lower Agrram Road,0.0002903860974094753
Chikka Thirupathi,0.00029016343750234205
Depot 23,0.000289086145376958
Bapuji Nagara,0.0002890554855733427
ITC,0.00028875268119546297
Sahakar Nagar Police Out Post,0.00028836819157342976
Rajaji Nagar 1st Block,0.00028792576447988604
Kalyani Magnum JP Nagara,0.0002864944529987446
Cluny Convent High School,0.00028567862882406886
BMS College Campus,0.00028567862882406886
Tambuchettipalya,0.00028548423689116903
MIND TREE,0.00028520671947700676
Kumbalagodu,0.00028485301238334257
Jn of Ring Road Channasandra,0.00028485301238334257
Bidadi Main Bus Stand,0.00028485301238334257
Gulaganjanahalli,0.0002847987452350079
Depot 12,0.0002847987452350079
Mayohall,0.0002846780726464929
Sapthagiri College Chikka Banawara,0.0002825007384275512
Deo Hights Layout Arch,0.00028229861706687655
UNITEX,0.00028227381693171735
Wilson Garden Police Station,0.00028218437792048364
Tippasandra,0.00028218437792048364
Wilson Garden police Station,0.00028218437792048364
Contonment Railway Station,0.00028199451905635946
Jalahalli Cross Ayyappa Temple,0.00028161705010539445
Bharatnagara,0.0002795719048522853
Kengeri Satellite Town Corporation Bank,0.0002773623105987389
INTEL,0.0002772627555157771
Koramangla National Games Village,0.0002772328278455604
Depot 8,0.0002755353945874578
Summanahalli Signal,0.00027204627547677634
Cambridge Layout,0.0002717142769000428
Chikkagollarahatti,0.0002717142769000428
Depot 43,0.0002717142769000428
Designers Suits,0.000269085705821655
Kumaraswamy Layout Police Station,0.000264867850325
Richmond Park,0.0002646736511287389
Maruthi mandira,0.00026365659644894386
Bhima Jyothi Nagara,0.00026334377778098635
Yelahanka NES,0.00026316339148073483
BK Circle,0.0002622445942733196
Depot 13,0.0002604917653484579
CQEAE Complex,0.00025549698947833306
Vyali Kaval Police Station,0.00025549698947833306
NP Medical Store,0.0002534949042585072
StJosephs College,0.00025158517555712474
Warriers Bakery,0.00023901000070937787
Heelalige Railway Station,0.00023878403891144971
Huskur gate,0.00023871786083981493
DEPOT 34,0.00023745737667499436
Depot 18,0.00023745737667499436
St Michael's High School,0.00023616092751616559
MVJ Medical Hospital,0.00023483533758301885
Jnana Bharathi Police Station,0.0002344858552768891
Amrutahalli,0.00023378443452352402
Kamalanagara Old Bus Stop,0.00023148981705747163
ITI Bhavan,0.00023074972314879894
Hunasamarenahalli,0.00023050773736764098
Horamavu Maruthi Vidyala Campus,0.00023007665493047447
Kempegowda Nagara Police Station,0.00023007665493047447
Bank Colony,0.00022993189222099162
Ragigudda,0.00022993189222099162
Jayamahal,0.00022930651556215693
Hennur Depot,0.00022930651556215693
Channabyregowda Circle,0.00022818376515798541
Ramaswamy Palya,0.00022706408156527338
Ashoka Pillar,0.0002258506604800201
Depot-18,0.00022367400894909967
Chandrappa Circle,0.0002235486747867845
Gottipura,0.0002235486747867845
Muttanallur,0.0002235486747867845
Lakshman Rao Nagara,0.0002235486747867845
Bikkanahosahalli,0.0002235486747867845
Dodda Thimmasandra,0.0002235486747867845
Adigara Kallahalli,0.0002235486747867845
Kommasandra,0.0002235486747867845
Kodanandarama Nagara,0.0002235486747867845
Chudasandra,0.0002235486747867845
Melehalli,0.0002235486747867845
Upkar Badavane,0.0002235486747867845
ITI Layout Mallathahalli,0.0002235486747867845
SOLURU,0.0002235486747867845
BCMC Layout,0.0002235486747867845
Dandu Palya,0.0002235486747867845
Muttana Halli,0.0002235486747867845
Thiruranga,0.0002235486747867845
Areneru,0.0002235486747867845
Pandithana Agrahara,0.0002235486747867845
Chikka Dasarahalli,0.0002235486747867845
Sollepura,0.0002235486747867845
Banashankri 2nd Stage,0.0002235486747867845
Muthugadahalli,0.0002235486747867845
institute of Social Economic College,0.0002235486747867845
Immdahalli,0.0002235486747867845
Baguru,0.0002235486747867845
KAGGALIPURA,0.0002235486747867845
Gattahalli,0.0002235486747867845
Khazi Sonnehalli,0.0002235486747867845
Mylasandra Cross,0.0002235486747867845
Viratanagara Cross,0.0002235486747867845
Hongasandra Mico Layout,0.0002235486747867845
CHIKKANAGAMANGALA,0.0002235486747867845
Dodda Thugur Muneshwara Temple,0.0002235486747867845
Bangalore Central Jail,0.0002235486747867845
Kyalasanahalli,0.0002235486747867845
Haragadde,0.0002235486747867845
Balgere,0.0002235486747867845
Jyothipura,0.0002235486747867845
Chikka Thimmasandra,0.0002235486747867845
Chinthala Madiwala,0.0002235486747867845
Hegganahalli,0.0002235486747867845
Art of Living International Center,0.0002235486747867845
Podu,0.0002235486747867845
Muninagara,0.0002235486747867845
Taralu ESTATE,0.0002235486747867845
Veerasandra,0.0002235486747867845
Nawkal palya,0.0002235486747867845
Kagalahalli,0.0002235486747867845
Kempapura Agrahara,0.0002235486747867845
Bannigiri,0.0002235486747867845
New Gabadi,0.0002235486747867845
JJN THIMMAREDDY LAYOUT,0.0002235486747867845
AECS,0.0002235486747867845
Thoredoddi High School,0.0002235486747867845
Panathuru,0.0002235486747867845
Motaganahalli,0.0002235486747867845
Garudachar Palya,0.0002235486747867845
Tulasipura,0.0002235486747867845
Baleveerana Halli,0.0002235486747867845
Maruthi Markandayanagara,0.0002235486747867845
Bommasandra Indl Area,0.0002235486747867845
KAMASANDRA,0.0002235486747867845
Muthanallur,0.0002235486747867845
Sampige,0.0002235486747867845
Jadagenahalli,0.0002235486747867845
THAVATAHALLI,0.0002235486747867845
Horamavu,0.0002235486747867845
Dunnasandra Cross,0.0002235486747867845
Yattukodi,0.0002235486747867845
Alambadi,0.0002235486747867845
Bade Katte,0.0002235486747867845
Thippasandra,0.0002235486747867845
Anugondanahalli,0.0002235486747867845
Kamnahalli,0.0002235486747867845
Nagarabhavi Village,0.0002235486747867845
Giddappanahalli,0.0002235486747867845
Bhavapura,0.0002235486747867845
Dyavarahalli,0.0002235486747867845
Juttanahalli,0.0002235486747867845
Naganayakana Kote,0.0002235486747867845
Laggere Bridge,0.0002235486747867845
Gnanashakti Nagar,0.0002235486747867845
Indlawadi,0.0002235486747867845
Shivanahalli,0.0002235486747867845
Ashraya Badavane,0.0002235486747867845
Kolathur,0.0002235486747867845
Kallahalli,0.0002235486747867845
Vaghata Near Hoskote,0.0002235486747867845
Lingadira Mallasandra,0.0002235486747867845
Kanekallu,0.0002235486747867845
Banarahalli,0.0002235486747867845
Somalapura,0.0002235486747867845
Handaenahalli,0.0002235486747867845
Muthyalanagar,0.0002235486747867845
Samethanahalli,0.0002235486747867845
Banashankari BDA Complex,0.0002235486747867845
TChuddadenahalli,0.0002235486747867845
Jn of Marasandra,0.0002235486747867845
PURA,0.0002235486747867845
HARSNAHALLI,0.0002235486747867845
Aradeshanahalli,0.0002235486747867845
Ramakrishnapura,0.0002235486747867845
Alammana Palya,0.0002235486747867845
Basammanahalli,0.0002235486747867845
Punugumaranahalli,0.0002235486747867845
Magadi,0.0002235486747867845
Thokathimmanadoddi,0.0002235486747867845
Bokipura,0.0002235486747867845
Hosa Doddi,0.0002235486747867845
Sadanapalya,0.0002235486747867845
Muthurayapura,0.0002235486747867845
OB Choodahalli,0.0002235486747867845
Bandapura Village,0.0002235486747867845
M Sathyawara,0.0002235486747867845
Vabasandra,0.0002235486747867845
E Muthasandra,0.0002235486747867845
Lakkondahalli Cross,0.0002235486747867845
Orahalli,0.0002235486747867845
UMMALU,0.0002235486747867845
SHIVANAPURA,0.0002235486747867845
Nidaghatta,0.0002235486747867845
Doddanallala,0.0002235486747867845
Mugabala,0.0002235486747867845
Chikka Tumakur,0.0002235486747867845
Jinke Bachahalli,0.0002235486747867845
Banjara Palya,0.0002235486747867845
Dodda Dasarahalli,0.0002235486747867845
Bommanabande,0.0002235486747867845
Bhaktharahalli,0.0002235486747867845
KODIHALLI,0.0002235486747867845
Banara halli,0.0002235486747867845
Paramanahalli,0.0002235486747867845
Bannimangala,0.0002235486747867845
Kothaganahalli,0.0002235486747867845
Ramohalli,0.0002235486747867845
Billa Kempanahalli,0.0002235486747867845
Gulganjanahalli,0.0002235486747867845
Kakkehalli,0.0002235486747867845
Kenchanaguppe,0.0002235486747867845
Kurubarapalya,0.0002235486747867845
Subbarayappana Palya,0.0002235486747867845
Malligondanahalli,0.0002235486747867845
CK Thandya,0.0002235486747867845
Chikka Banahalli,0.0002235486747867845
Doddabannahalli,0.0002235486747867845
Honachanahalli,0.0002235486747867845
Bannikuppe,0.0002235486747867845
Muthurayanagudi Palya,0.0002235486747867845
Bethimgere,0.0002235486747867845
Kakaramana Halli,0.0002235486747867845
Kempa Dyapanahalli,0.0002235486747867845
Devalingaiah Palya,0.0002235486747867845
Guddadahalli Dinne,0.0002235486747867845
Devashettyhalli,0.0002235486747867845
DODDANALLURAHALLI,0.0002235486747867845
Hinnakki,0.0002235486747867845
Singena Agrahara,0.0002235486747867845
Ramasagara,0.0002235486747867845
Marasur,0.0002235486747867845
Betta Halli Kaval,0.0002235486747867845
Gaviyana Palya,0.0002235486747867845
Gurukula School Tharahunise,0.0002235486747867845
Hagalahalli,0.0002235486747867845
Byalalu Janatha Colony,0.0002235486747867845
Doddamaranahalli,0.0002235486747867845
Katammana Doddi,0.0002235486747867845
Uddandalli,0.0002235486747867845
Huluvenahalli,0.0002235486747867845
Mayasandra,0.0002235486747867845
Hakki Pikki Colony,0.0002235486747867845
Shanumangala,0.0002235486747867845
Rajapura,0.0002235486747867845
Karikallu,0.0002235486747867845
Narayanapura,0.0002235486747867845
Nagegowdana Palya,0.0002235486747867845
Vajramuneshwara Temple,0.0002235486747867845
Vinayakanagar,0.0002235486747867845
DODDATHAGGALI,0.0002235486747867845
Muttugadahalli Linganahalli,0.0002235486747867845
Rainbow Layout,0.0002235486747867845
M Gopahalli,0.0002235486747867845
Manchegowdana palya,0.0002235486747867845
Annahalli,0.0002235486747867845
Veerenahalli,0.0002235486747867845
Talaguppe,0.0002235486747867845
Vajara Halli,0.0002235486747867845
Channegowdana Doddi,0.0002235486747867845
Marikuppe,0.0002235486747867845
Gangena Halli,0.0002235486747867845
Helige Halli Colony,0.0002235486747867845
Savanadurga,0.0002235486747867845
Ajjanahalli,0.0002235486747867845
Laxmaiah Badavane,0.0002235486747867845
Nagaraholenagara,0.0002235486747867845
Biskur,0.0002235486747867845
Chikkamaskal,0.0002235486747867845
Annekarana Halli,0.0002235486747867845
Adusonnahatti Cross,0.0002235486747867845
Dibburu,0.0002235486747867845
MUKTHINAGA TEMPLE CROSS,0.0002235486747867845
Sugganahalli,0.0002235486747867845
Thittahalli,0.0002235486747867845
Parasanapalya,0.0002235486747867845
Chikka Kuntanahalli,0.0002235486747867845
Kenchanapalya,0.0002235486747867845
Mylappanahalli,0.0002235486747867845
Guni Agrahara,0.0002235486747867845
Kanuvanahalli,0.0002235486747867845
Soladevana Halli,0.0002235486747867845
Banasawadi,0.0002235486747867845
Madiwala Village Market,0.0002235486747867845
Soppahalli,0.0002235486747867845
Karekal Palya,0.0002235486747867845
Jakkanahalli,0.0002235486747867845
karpoora,0.0002235486747867845
Neraluru,0.0002235486747867845
Bylakonenahalli,0.0002235486747867845
Aralimarada Palya,0.0002235486747867845
Hadripura,0.0002235486747867845
Huluvenahalli Gate,0.0002235486747867845
Arjuna Bettahalli,0.0002235486747867845
Huttanahalli,0.0002235486747867845
Bettahalasuru,0.0002235486747867845
Bella Halli,0.0002235486747867845
Mylanahalli Chikka jala,0.0002235486747867845
Mahadevapura,0.0002235486747867845
Suliwara,0.0002235486747867845
Ballur,0.0002235486747867845
Kamblipura,0.0002235486747867845
Bidaraguppa,0.0002235486747867845
Kodalipura,0.0002235486747867845
Chowdeshwari Temple,0.0002235486747867845
Chikkahagade Gate,0.0002235486747867845
Hagadoor,0.0002235486747867845
Kodipalya,0.0002235486747867845
Naganayakanahalli,0.0002235486747867845
Uganawadi,0.0002235486747867845
Vijayanagar,0.0002235486747867845
Karenahalli,0.0002235486747867845
Jogerahalli,0.0002235486747867845
Dibbur,0.0002235486747867845
Lakshmipura,0.0002235486747867845
Ganagaluru,0.0002235486747867845
Suradenapura Yelahanka Road,0.0002235486747867845
Seetha Kempanahalli,0.0002235486747867845
Mallipalya,0.0002235486747867845
Bettanahalli,0.0002235486747867845
Chellahalli,0.0002235486747867845
Jnana Jyothi Nagara 2nd Phase,0.0002235486747867845
Vishweshwaraiah Layout 1st Block,0.0002235486747867845
Dhananayakanahalli,0.0002235486747867845
Baichapura,0.0002235486747867845
Veeranna Palya,0.0002235486747867845
KG Lakkenahalli,0.0002235486747867845
Ravuthanahalli,0.0002235486747867845
Shanubhoganahalli,0.0002235486747867845
Tharabana Halli Devanahalli Road,0.0002235486747867845
Neraganahalli,0.0002235486747867845
Somathanahalli,0.0002235486747867845
Yelachagere,0.0002235486747867845
Bhattaramarenahalli,0.0002235486747867845
Hancharahalli,0.0002235486747867845
Gangawara,0.0002235486747867845
Halasahalli,0.0002235486747867845
Munikondappa Badavane,0.0002235486747867845
Kurabarahalli,0.0002235486747867845
Linganahalli,0.0002235486747867845
Kondashettihalli Byalakere,0.0002235486747867845
Kanshiram Nagara,0.0002235486747867845
Shamarajapura,0.0002235486747867845
Varahasandra,0.0002235486747867845
Muttugada Halli Chikka jala,0.0002235486747867845
Cholanayakanahalli,0.0002235486747867845
Amarjyothi Nagara,0.0002235486747867845
BGS Health City,0.0002235486747867845
DASARAHALLI,0.0002235486747867845
Obalapura,0.0002235486747867845
Vidya Nagara Cross,0.0002235486747867845
BTM 16 th Main Hopcoms,0.0002235486747867845
Shivakote,0.0002235486747867845
Chikkabanawara Railway Gate,0.0002235486747867845
Gidada Palya,0.0002235486747867845
Parvathi Nagara,0.0002235486747867845
Gayatri Layout,0.0002235486747867845
Jinke Thimmanahalli,0.0002235486747867845
Vijanapura,0.0002235486747867845
Varanasi,0.0002235486747867845
Mukambika Nagar,0.0002235486747867845
Janthagondanahalli,0.0002235486747867845
Byrohalli,0.0002235486747867845
Kada Sonappana Halli,0.0002235486747867845
Kodathi,0.0002235486747867845
Gunjur Palya,0.0002235486747867845
Shivanapura Colony,0.0002235486747867845
Arasu Colony,0.0002235486747867845
Mavallipura,0.0002235486747867845
Kadayarppanhalli,0.0002235486747867845
Kadayarappanahalli,0.0002235486747867845
Srinivaspura,0.0002235486747867845
Doddipalya,0.0002235486747867845
Chokkanahalli,0.0002235486747867845
Bidalapura,0.0002235486747867845
Kempalingana pura,0.0002235486747867845
Chudahalli,0.0002235486747867845
Kattalepalya,0.0002235486747867845
Dinnur,0.0002235486747867845
Honnalagana Doddi,0.0002235486747867845
Gudipalya,0.0002235486747867845
Kugur Cross,0.0002235486747867845
Madavara,0.0002235486747867845
Nrutya Grama,0.0002235486747867845
Krishnadoddi Bannerghatta Road,0.0002235486747867845
Kallodu,0.0002235486747867845
Hosahalli Palya,0.0002235486747867845
Thammarasanahalli,0.0002235486747867845
Kalathammanahalli,0.0002235486747867845
Hosahalli,0.0002235486747867845
Kuduregere,0.0002235486747867845
Nekkundi Dommasandra,0.0002235486747867845
Sugatta,0.0002235486747867845
Ramanayakanahalli,0.0002235486747867845
Chunchaghatta,0.0002235486747867845
Kirloskar Badavane,0.0002235486747867845
Kasuvinakunte,0.0002235486747867845
Rajagopalanagar Rajni Farms,0.0002235486747867845
Koratageredoddi Bannerghatta,0.0002235486747867845
Pillahalli,0.0002235486747867845
Kodathi Silk Warm,0.0002235486747867845
Gadenahalli,0.0002235486747867845
Dodda Tumkur,0.0002235486747867845
Jalige,0.0002235486747867845
Koluvarayanahalli,0.0002235486747867845
Budamanahalli,0.0002235486747867845
Byatha,0.0002235486747867845
Sadenahalli,0.0002235486747867845
Gudemarenahalli Village,0.0002235486747867845
Karishma hills,0.0002235486747867845
Kathruguppe,0.0002235486747867845
Anandanagar,0.0002235486747867845
Seethanayakanahalli,0.0002235486747867845
Bilekalli Village,0.0002235486747867845
Tattekere,0.0002235486747867845
Lingapura,0.0002235486747867845
Nayanahalli,0.0002235486747867845
Veeregowdana Doddi,0.0002235486747867845
Gadigaiahana Doddi,0.0002235486747867845
Dubasi Palya,0.0002235486747867845
Ramagondanahalli,0.0002235486747867845
Nagadasanahalli,0.0002235486747867845
Bettahalli,0.0002235486747867845
Sondekoppa,0.0002235486747867845
Dabbaguli Manchanabele,0.0002235486747867845
Devaganahalli,0.0002235486747867845
Doddamarana Halli,0.0002235486747867845
Manchenahalli,0.0002235486747867845
Rajeev Gandhi Nagara,0.0002235486747867845
Karlapura Palya,0.0002235486747867845
Indrasanahalli,0.0002235486747867845
CHIMANDAHALLI,0.0002235486747867845
Nelavagilu,0.0002235486747867845
Kannurahalli,0.0002235486747867845
Kumbala Halli,0.0002235486747867845
Pillagumba,0.0002235486747867845
Bommenahalli,0.0002235486747867845
Thirumenahalli,0.0002235486747867845
Nagasandra,0.0002235486747867845
Bhovi Palya,0.0002235486747867845
Railway Gollahalli,0.0002235486747867845
Thore Nagasandra,0.0002235486747867845
Mallohalli Palya,0.0002235486747867845
Handrahalli,0.0002235486747867845
Kattugollahalli,0.0002235486747867845
Nallakkanadoddi,0.0002235486747867845
Gorinabele,0.0002235486747867845
Machanayakanahalli,0.0002235486747867845
Gottigehalli,0.0002235486747867845
Kanegowdanahalli,0.0002235486747867845
Ramadevanahalli,0.0002235486747867845
Handenahalli Gate,0.0002235486747867845
Honnasandra,0.0002235486747867845
Yentaganahalli,0.0002235486747867845
Gunduru Colony,0.0002235486747867845
Bylanjaneya Temple,0.0002235486747867845
Betthanagere,0.0002235486747867845
K Chansandra,0.0002235486747867845
Kamanahalli,0.0002235486747867845
Bukkasagara,0.0002235486747867845
Muppadighatta,0.0002235486747867845
Kodihalli Hesarugatta,0.0002235486747867845
Kadajakkanahalli,0.0002235486747867845
Sripathi Halli,0.0002235486747867845
Bommandanahalli,0.0002235486747867845
Konasandra Bannerghatta Road,0.0002235486747867845
Kasghattapura,0.0002235486747867845
Kumbarahalli,0.0002235486747867845
Nagaroor,0.0002235486747867845
Panathuru Dinne,0.0002235486747867845
Kaggalahalli,0.0002235486747867845
Kacharakanahalli,0.0002235486747867845
Kamarasanahalli,0.0002235486747867845
Byatarayana Doddi,0.0002235486747867845
Kenchenahalli Yelahanka,0.00022241760829209468
Shankar Mutt,0.00022172185440312434
Ganganagara HMT Layout,0.00022172185440312434
Sangam Circle,0.00022074985333621496
Hesaraghatta,0.00022026567107183686
Orian Mall Yeshwanthpura,0.00022026567107183686
Jalahalli Quarters,0.0002198157034887837
Halasuru,0.00021973045488643626
Bennigana Halli,0.00021896738940930708
Banasawadi Horamvu,0.00021896738940930708
Sathyanagara Indian Oil,0.00021896738940930708
BTM Bus Stand,0.00021862506900619165
Avathi,0.00021762871261957458
Depot 15,0.00021706144420644013
Tumkur Road 8th Mile,0.00021590333452986812
Chunchanakuppe,0.000215306080028237
Nandi Cross,0.0002151959835378789
Karnataka Judical Academy,0.0002151959835378789
BEL Parking Lot,0.0002151959835378789
Mother Dairy Cross,0.00021499853582549757
Holy Mother School,0.00021384313534493306
Electronics City,0.00021334195839637325
BM English School,0.0002127124164817047
Madiwala Market,0.00021254429833506762
Sanjay Nagara,0.00021198736650838065
Kadabagere gate,0.00021194750984229307
8th Mile T Dasarahalli,0.00021194750984229307
Accenture,0.00021103286132481688
Ashwatanagara Bhupasandra,0.00021063455632782906
Military Accounts Office,0.00021012201376575948
Cap Gemini,0.00020965482664727912
Garadi Apartments KR Road,0.00020916910728886593
Goodwill Womens College,0.00020913708204892568
ITI Circle KRPuram,0.0002090591548409935
RT Nagara Police Station,0.0002086159457616464
Kattigenahalli Gate,0.0002074745130593058
MALLIMAKANAPURA,0.0002074745130593058
HAL 6th Main,0.00020669078068443497
Golden star Hotel,0.00020669078068443497
Hosmat Hospital,0.00020669078068443497
Indian Oil,0.00020643379536898493
Narendra Talkies kadugondanahalli,0.00020643379536898493
Hebbala Baptists Hospital,0.00020643379536898493
Christ college,0.0002058198913181992
Byatarayana Doddi Cross,0.00020572091246454175
J Srinivasa Reddy Layout,0.00020572091246454175
Twinkler School,0.00020572091246454175
Pratyangiri Temple Turahalli,0.00020572091246454175
Kengeri Bande Mata,0.00020490729640998217
Jagadale Industries Pvt Ltd,0.00020477065442740607
Chamundinagara Sulthanpalya,0.00020402126866127815
RM Guttahalli,0.00020400055173975498
Chikkalasandra Bus Stand,0.00020387399145762106
Depot-07,0.00020359916057133048
Devanahalli Govt Hospital,0.00020359916057133048
Byranayakana Halli College,0.00020359916057133048
Gubbalala,0.00020359916057133048
Maranayakanahalli,0.00020359916057133048
Hommadevanahalli,0.00020359916057133048
Gopalapura,0.00020359916057133048
Indiranagara RTO Office,0.00020359916057133048
Dollors Colony JP Nagara,0.00020359916057133048
Pillaganahalli,0.00020359916057133048
Ramanayakana Doddi,0.00020359916057133048
Koppa,0.00020359916057133048
Malenallasandra,0.00020359916057133048
Acharya College Chikkabanavara,0.00020359916057133048
Lottegollahalli Railway Colony,0.00020359916057133048
DUO Hight Layout,0.00020359916057133048
Nayanappanahalli,0.00020359916057133048
Mallasandra,0.00020359916057133048
Achyutha Nagara,0.00020359916057133048
BSK 5th stage patalamma Tempel,0.00020359916057133048
Kodagalahatti,0.00020359916057133048
Billamaranahalli,0.00020359916057133048
Adde Gramme,0.00020359916057133048
Depot 27,0.00020359916057133048
Karahalli Cross,0.00020359916057133048
Amba Bhavani Nagara,0.00020359916057133048
ITI Layout,0.00020359916057133048
Kashinagara,0.00020359916057133048
Banashankari 5th Stage,0.00020359916057133048
Ladies Hostel University Campus,0.00020359916057133048
Nagarabhavi 9th Block,0.00020359916057133048
D Group Employees Layout,0.00020359916057133048
Srinivasapura Colony,0.00020359916057133048
Koramangala Kendriya Sadana,0.00020359916057133048
Hunisemarada Palya,0.00020359916057133048
Bandi Kodigehalli,0.00020359916057133048
Ambedkar nagara,0.00020359916057133048
Krishnaiahnapalya/S.Nagara,0.00020359916057133048
Abbaiah Layout,0.00020359916057133048
Annapurna Nagara,0.00020359916057133048
Bande Bommasandra,0.00020359916057133048
G Hosahalli,0.00020359916057133048
Jnana bharthi layout,0.00020359916057133048
Vidyagiri Layout,0.00020359916057133048
Multiplex Marathahalli,0.00020359916057133048
Nanjarasappa Badavane,0.00020359916057133048
Sampige Road Metro Station,0.00020359916057133048
Chikkamaranahalli,0.00020359916057133048
Madalakote,0.00020359916057133048
Jodi Ragi Thimmasandra,0.00020359916057133048
Nagenahalli,0.00020359916057133048
Mathikere Chowdeshwari Bus Staion,0.00020359916057133048
Jalahalli East Area 7th camp,0.00020359916057133048
Jaipura,0.00020359916057133048
Ashraya Nagara,0.00020359916057133048
Sakammana Badavane,0.00020359916057133048
Kurubarahalli JC Nagara,0.00020359916057133048
Kodigehalli Canara Bank Colony,0.00020359916057133048
Chinnappana Garden,0.00020359916057133048
Yennigere,0.00020359916057133048
Nandhi Garden,0.00020359916057133048
Jai Maruthi Nagara,0.00020359916057133048
Kembhathahalli,0.00020359916057133048
Krishnananda Nagara,0.00020359916057133048
Ravi Badavane,0.00020359916057133048
Sahakara Nagar Cauvery School,0.00020359916057133048
Upadyaya Badavane,0.00020359916057133048
Hemapura,0.00020359916057133048
Vidya peeta Circle,0.00020359916057133048
Pramod Layout,0.00020359916057133048
Haridasa Nagara,0.00020359916057133048
Javaregowda Nagara,0.00020359916057133048
Shakthi Hill Resorts,0.00020359916057133048
Patalappa Layout,0.00020359916057133048
Chikka Kukkanahalli,0.00020359916057133048
Thimmegowdana Palya,0.00020359916057133048
SHAMPURA,0.00020359916057133048
Shivarama karanth layout 10th Cross,0.00020359916057133048
Jigani Bus Stand,0.00020359916057133048
KG Shrinivaspura,0.00020359916057133048
Regional Passport Office,0.00020359916057133048
Abbanakuppe,0.00020359916057133048
Soundarya Layout,0.00020359916057133048
Marasandra Circle,0.00020359916057133048
Chinnappanahalli,0.00020359916057133048
Tanisandra,0.00020359916057133048
Sports Authority of India,0.00020359916057133048
Bommana Bande,0.00020359916057133048
Kodigehalli-Doddaballapura,0.00020359916057133048
Omkaranagara,0.00020359916057133048
HBR Layout BDA Complex,0.00020359916057133048
Kalidasa Layout,0.00020359916057133048
Tataguni,0.00020359916057133048
MARSUR,0.00020359916057133048
HELLELLIGE,0.00020359916057133048
Ambedkar Nagara,0.00020359916057133048
Nallurahalli,0.00020359916057133048
Arekere BTS Layout,0.00020359916057133048
Thattaguppe,0.00020359916057133048
MICO Layout Checkpost,0.00020359916057133048
Jayanagara 5th Block,0.00020359916057133048
Rajendranagar,0.00020359916057133048
Ramesh nagara,0.00020359916057133048
Ittina Neela Apartment,0.00020359916057133048
Surya City,0.00020359916057133048
Lal Bahadur Shastri Nagara Anjanapura,0.00020359916057133048
Koramangala Kendriya Sadan,0.00020359916057133048
Rajani Farm,0.00020359916057133048
Mestripalya,0.00020359916057133048
Mitaganahalli,0.00020359916057133048
Tharabana Halli,0.00020359916057133048
Medarahalli Railway Cross,0.00020359916057133048
Devalapura,0.00020359916057133048
Pichguntarahalli,0.00020359916057133048
Soukhya Hospital,0.00020359916057133048
Guddahatti,0.00020359916057133048
"Judicial Layout,8th main,TalagattaPura",0.00020359916057133048
Thimmasandra,0.00020359916057133048
Satya Sai Hospital,0.00020359916057133048
Adugodi Police Quarters,0.00020359916057133048
Adugodi,0.00020359916057133048
MICO Layout,0.00020359916057133048
Lakshmi Temple,0.00020359916057133048
Bhodana Hosahalli,0.00020359916057133048
Raghavendra Badavane,0.00020359916057133048
Raghavendra Colony,0.00020359916057133048
Bangalore Children Hospital,0.00020359916057133048
Dattatreya Temple,0.00020359916057133048
Thyagaraja Nagara,0.00020359916057133048
Kempanahalli,0.00020359916057133048
Hosa Road,0.00020359916057133048
Veerasagara,0.00020359916057133048
Maruthi Nagara,0.00020359916057133048
Hongasandra mico layout,0.00020359916057133048
City Civil Court,0.00020359916057133048
Rayasandra,0.00020359916057133048
HULLAHALLI,0.00020359916057133048
HSR 19th Main 13th Cross,0.00020359916057133048
Eshwara Layout,0.00020359916057133048
Mandooru,0.00020359916057133048
BN Bache Gowda Badavane,0.00020359916057133048
Jayanthi Nagar,0.00020359916057133048
Amruthnagar,0.00020359916057133048
Kempegowda Garden,0.00020359916057133048
Suryanagar,0.00020359916057133048
Sashiveghatta,0.00020359916057133048
Devendra Nagara,0.00020359916057133048
Hosapallya,0.00020359916057133048
Sowdamini Kalyana Mantapa,0.00020359916057133048
Srinidhi Layout,0.00020359916057133048
Punjab National Bank Layout,0.00020359916057133048
Brigade Millenium,0.00020359916057133048
Hanchipura,0.00020359916057133048
HSR Layout,0.00020359916057133048
Pattandur Agrahara,0.00020359916057133048
Thippenahalli Anjaneya Temple,0.00020359916057133048
NRI Layout,0.00020359916057133048
Saiyadribalaga Layout,0.00020359916057133048
Swatantryodhara Nagara,0.00020359916057133048
BGS Hospital,0.00020359916057133048
Anche Palya,0.00020359916057133048
Shanubhogana Halli,0.00020359916057133048
Geleyara Balaga,0.00020359916057133048
Gidadakonenahalli,0.00020359916057133048
Depot-22-BS,0.00020359916057133048
Indira Priyadarshini Nagara,0.00020359916057133048
Basavanapura Gate Bannerghatta Road,0.00020359916057133048
Jaraganahalli Cross,0.00020359916057133048
Innovative Film city,0.00020359916057133048
Chamarajpet Play Ground,0.00020343999148708154
Depot-41,0.00020303739028025705
Nagashetty Halli E Spring Apartment,0.00020160233855233376
Jayadeva Signal,0.00020111515041430729
HAL Police Station,0.00020111515041430729
MG Road Metro Station,0.0002009100802468228
ITI Gate,0.00020030257607005816
Katriguppe Kamkya Talkies,0.00020030257607005816
Bagalagunte,0.00019978211338684366
Mekhri Circle,0.00019977325423618287
Jalli Machine,0.000199358387662661
Kodigehalli,0.000199358387662661
Adityanagara Jally Machine,0.000199358387662661
BTL College,0.0001993300476000191
Ittuguru,0.00019907735741694812
Bagmane Tech Park,0.00019865225771194093
Nrupathunga Nagara,0.00019865225771194093
Arekere Gate,0.00019810528953610523
BMT-43,0.00019658624011016277
Corporation,0.0001958389159628563
Malleshwaram 8th Cross,0.0001949183499459079
Doddabasti,0.0001949183499459079
Police Traning Center,0.0001949183499459079
Nimra maszid,0.0001949183499459079
Jnanakshi Vidyanikathna School,0.0001941904909071367
Hullalu,0.00019347882346884874
Gnana Bodini School,0.00019347882346884874
Belathuru,0.00019294697609169775
Om Shakthi Temple,0.00019294697609169775
Amma Ashrama,0.00019294697609169775
Brundavananagara Jinke Park,0.00019294697609169775
BALAJINAGARA,0.00019294697609169775
Old Gurrappana Palya,0.00019294697609169775
Immadihalli,0.00019294697609169775
Chikkajala,0.00019294697609169775
Kannalli,0.00019294697609169775
Hanumantappa Layout,0.00019294697609169775
Vidyasagara Bus Stoop,0.00019294697609169775
Marenahalli Bande,0.00019294697609169775
Balagere,0.00019294697609169775
KP Agrahara 16th cross,0.00019294697609169775
Chikkabettahalli,0.00019294697609169775
Herohalli,0.00019294697609169775
Kammana Halli,0.00019294697609169775
Hosahally,0.00019294697609169775
Royale Concorde School,0.00019294697609169775
JP Nagara 15th Cross,0.00019294697609169775
Udayanagara,0.00019294697609169775
Anchepalya Nelamangla Road,0.00019294697609169775
Jagadeesha nagar,0.00019294697609169775
Basavanapura Govt School,0.00019294697609169775
Coxtown Circle,0.00019294697609169775
Fayazabad,0.00019294697609169775
Rajaji Nagara Ramamandira,0.00019294697609169775
Allalasandra Janapriya Apartmet,0.00019294697609169775
Gajendra Nagara,0.00019294697609169775
Sheila Kothavala Institute For Deaf,0.00019294697609169775
R T NAGARA,0.00019294697609169775
Hosakote Govt High School,0.00019294697609169775
Kolipura Uttanahalli,0.00019294697609169775
Mariyamma Layout,0.00019294697609169775
HBR Layout,0.00019294697609169775
Muddamma Garden,0.00019294697609169775
Vidyasagara Bus Stop,0.00019294697609169775
Shiluvepura,0.00019294697609169775
AGS Layout Manganahalli,0.00019294697609169775
Malagala Bus Stand,0.00019294697609169775
BALAJI LAYOUT,0.00019294697609169775
Halage Vaderahalli,0.0001925735253456411
Yeliyuru,0.00019254077599484986
Makali,0.00019149324665988318
Depot-02,0.00019118203760848357
Banasawadi Petrol Bunk,0.00019118203760848357
Govardhan Talkies,0.00019095745140353034
Kudlu Gate,0.00019053938710845075
SHANTHI NAGAR BUS STAND,0.00019053938710845075
Thalaghattapura,0.00019053938710845075
Srinivasa Pura,0.0001904231982581787
Kundana Devanahalli,0.0001904231982581787
Vishwanathapura,0.0001904231982581787
Pillekamma Nagara,0.0001904231982581787
Dodda Cheemanahalli,0.0001904231982581787
Victoria Hospitial,0.00019030755159467103
Kamaraj Road,0.0001902756888696048
GKW Layout Bus Stand,0.0001902756888696048
Deepanjali nagara BMT-16,0.00018946057650255361
ABISRO,0.0001893551906089735
Lingarajapuram,0.00018896286915817155
Sarjapura Signal,0.00018825087434606562
Cauvery Nagara,0.00018822683410523572
Trinity Circle,0.00018822683410523572
Majestic,0.00018818781240202568
Depot 4,0.00018774779519496737
Yehanka 5th phase,0.0001877111091749787
Bharath Nagara 1st Phase,0.0001877111091749787
Brigade Millanium,0.0001877111091749787
Sri Vidyanagara Bus Station,0.0001877111091749787
Sai Arcade Layout,0.0001877111091749787
CBI Office,0.0001877111091749787
Bailanarsapura,0.00018756665079314205
Korati,0.00018756665079314205
Jangama Kote,0.00018756665079314205
Bilijaji,0.00018744840809813853
MGRoad,0.00018744840809813853
Tavarekere,0.00018744840809813853
Hebbagodi,0.00018721463173599067
Srinivasa Nagara,0.00018721463173599067
Gandhi Bazaar,0.0001872064164915342
St Joseph High Scholl,0.00018701122992816817
Electronic City Infosys Software Company,0.00018697250944971333
Halasuru Police Station,0.00018697250944971333
Thammenahalli Palya,0.00018679740792607933
D Hosahalli Cross,0.00018679740792607933
Gangamma Circle,0.0001867110489898836
Katriguppe,0.0001867110489898836
Gavigangadeshwara Temple,0.00018650465943100724
Konappana Agarahara,0.0001863922289459063
Konappana Agrahara,0.0001863922289459063
Rajagopalanagara Police Station,0.00018631586090096233
Anantapura Gate,0.00018631586090096233
Sri Mata Amruthanandamayi Mutt,0.00018631586090096233
Jn of Kommaghatta Road,0.00018631586090096233
MCTC Satellite Bus Stand,0.00018631586090096233
Yelahanka Police Station,0.0001859926461493473
DASANAPURA,0.00018589472882272698
Yamalur,0.00018550854062374957
Mattahalli Cross,0.0001850819851247335
Devasandra,0.0001850819851247335
RMV 2nd Stage,0.0001850819851247335
Bannerghatta Circle,0.0001850819851247335
Avalahalli,0.0001849824300417717
Maniksha Parade Ground,0.00018494044988698598
DEPOT-30,0.00018494044988698598
Kamakya,0.00018482751521079645
Show Mall,0.00018482751521079645
Shrinidhi Layout,0.00018482751521079645
Laggere Last Stop,0.0001845956574791504
Agrahara Dasarahalli,0.00018414449216982797
Gorgunte Palya,0.00018410873039110845
Madivala Mosque,0.00018401897018937305
Hampinagara 7th Main,0.00018401897018937305
Jayamangala,0.00018384554552439828
RTO Vishweshwaraiah Layout,0.00018369528075819127
BTM water Tank,0.00018369528075819127
Ayyappa Temple,0.00018369528075819127
Koramangala Kalyana Mantapa,0.00018369528075819127
Koli Farm Gate Bannerghatta Road,0.00018369528075819127
Jayanagara T Block,0.00018360917225438905
VADDARAPALYA,0.00018360917225438905
Wipro Corporate Office,0.00018360917225438905
Guttepalya,0.00018360917225438905
Depot-20,0.00018360917225438905
Jn of Tumkur Road,0.00018331781180722632
Konanakunte New Bank colony Kanakapura Road,0.00018331781180722632
Jn of Swamy Vivekananda Road,0.00018330470766671951
K Dommasandra,0.00018330470766671951
BASAVESHWARA NAGARA,0.00018311569044655168
Heelalige,0.0001830859264196754
Basaveshwara Nagara Circle,0.0001830859264196754
Jalahalli cross,0.0001830859264196754
Sarjapura Wipro,0.0001830859264196754
Garebhavi Palya,0.00018304609938161868
Brigade Gateway/Orian Mall,0.00018297704035329494
Kanasawadi Mudhure Temple,0.00018234712350257955
Kempu Dommasandra,0.000182305775851372
Rachamanahalli Attibele Road,0.000182305775851372
Prestige Shanthinikethan,0.00018217904851007438
Binnamangala,0.00018217904851007438
SAP ITPL,0.0001815265631856124
Shanthinagara KSRTC Qtrs,0.0001810981908206466
Chamarajpet Edga Mydana,0.00018081601978750907
Maruthinagara,0.00017948962779958683
Hongansandra,0.00017948962779958683
